<?xml version="1.0" encoding="UTF-8"?>
<project-private xmlns="http://www.netbeans.org/ns/project-private/1">
    <editor-bookmarks xmlns="http://www.netbeans.org/ns/editor-bookmarks/2" lastBookmarkId="0"/>
    <open-files xmlns="http://www.netbeans.org/ns/projectui-open-files/2">
        <group>
            <file>file:/E:/YESEVI/TBİL-611-Nesnel%20Bilgi%20Sistemleri%20Tasarımı/Ornek/h-11/javaCommand/src/javacommand/SellStock.java</file>
            <file>file:/E:/YESEVI/TBİL-611-Nesnel%20Bilgi%20Sistemleri%20Tasarımı/Ornek/h-11/javaCommand/src/javacommand/JavaCommand.java</file>
            <file>file:/E:/YESEVI/TBİL-611-Nesnel%20Bilgi%20Sistemleri%20Tasarımı/Ornek/h-11/javaCommand/src/javacommand/BuyStock.java</file>
            <file>file:/E:/YESEVI/TBİL-611-Nesnel%20Bilgi%20Sistemleri%20Tasarımı/Ornek/h-11/javaCommand/src/javacommand/StockController.java</file>
            <file>file:/E:/YESEVI/TBİL-611-Nesnel%20Bilgi%20Sistemleri%20Tasarımı/Ornek/h-11/javaCommand/src/javacommand/IOrderCommand.java</file>
            <file>file:/E:/YESEVI/TBİL-611-Nesnel%20Bilgi%20Sistemleri%20Tasarımı/Ornek/h-11/javaCommand/src/javacommand/store.java</file>
            <file>file:/E:/YESEVI/TBİL-611-Nesnel%20Bilgi%20Sistemleri%20Tasarımı/Ornek/h-11/javaCommand/src/javacommand/StockManager.java</file>
        </group>
    </open-files>
</project-private>
